Occupation,Monthly_Income,Credit_Score,Years of Employment,Finance_Status,Finance_History,Car,Loan_ID,Loan_Amount_Term,Loan_Status
Teacher,"$4,000.00 ",750,10,1,No issues,Yes,LP001002,36,Y
Engineer,"$6,000.00 ",800,8,1,No issues,Yes,LP001003,36,Y
Nurse,"$25,000.00 ",650,5,0,Late payment 2 months ago,No,LP001005,36,Y
Doctor,"$80,000.00 ",900,12,1,No issues,Yes,LP001006,36,Y
Businessman,"$10,000.00 ",700,15,1,Late payment 6 months ago,Yes,LP001008,36,Y
Engineer,"$5,000.00 ",750,6,0,No issues,No,LP001011,36,Y
Teacher,"$3,500.00 ",650,8,0,Late payment 3 months ago,Yes,LP001013,0,N
Nurse,"$2,000.00 ",600,3,0,Late payment 1 month ago,No,LP001014,0,N
Businessman,"$12,000.00 ",850,20,1,No issues,Yes,LP001018,36,Y
Doctor,"$9,000.00 ",800,10,1,No issues,Yes,LP001020,0,N
Engineer,"$6,000.00 ",700,3,1,Good,Yes,LP001024,36,Y
Salesperson,"$3,000.00 ",600,1,0,Poor,No,LP001027,0,N
Teacher,"$4,000.00 ",750,5,1,Good,Yes,LP001028,36,Y
Entrepreneur,"$8,000.00 ",800,7,1,Good,Yes,LP001029,36,Y
Lawyer,"$9,000.00 ",820,10,1,Good,Yes,LP001030,12,Y
Doctor,"$1,200.00 ",900,12,1,Good,Yes,LP001032,36,Y
Accountant,"$5,000.00 ",720,4,1,Poor,No,LP001034,24,Y
Software Dev,"$7,000.00 ",780,6,1,Good,Yes,LP001036,36,Y
Nurse,"$3,500.00 ",650,2,0,Poor,No,LP001038,0,N
Electrician,"$2,500.00 ",550,1,0,Poor,No,LP001041,0,N
Architect,"$5,500.00 ",740,8,1,Good,Yes,LP001043,36,Y
Marketing Exec,"$4,500.00 ",690,4,0,Poor,No,LP001046,0,N
Chef,"$3,000.00 ",620,2,0,Poor,No,LP001047,0,N
Police Officer,"$4,000.00 ",680,3,0,Poor,No,LP001050,0,N
Real Estate Ag,"$6,000.00 ",760,5,1,Good,Yes,LP001052,36,Y
Pilot,"$10,000.00 ",820,10,1,Good,Yes,LP001066,36,Y
Graphic Design,"$3,500.00 ",670,3,0,Poor,No,LP001068,0,N
Writer,"$2,000.00 ",500,1,0,Poor,No,LP001073,0,N
Musician,"$2,500.00 ",550,,0,Poor,No,LP001086,0,N
Nurse,"$4,500.00 ",720,3 years,1,No significant issues,Yes,LP001087,36,Y
Software Developer,"$7,800.00 ",800,5 years,1,No significant issues,Yes,LP001091,36,Y
Chef,"$3,200.00 ",650,2 years,0,Missed payments in the past,No,LP001095,0,N
Accountant,"$6,500.00 ",750,7 years,1,No significant issues,Yes,LP001097,36,Y
Salesperson,"$3,000.00 ",600,1 year,0,Missed payments in the past,No,LP001098,36,Y
Teacher,"$3,800.00 ",680,4 years,1,No significant issues,Yes,LP001100,36,Y
Lawyer,"$10,000.00 ",820,8 years,1,No significant issues,Yes,LP001106,36,Y
Mechanic,"$2,500.00 ",600,2 years,0,Late payments,No,LP001109,0,N
Marketing,"$5,200.00 ",720,5 years,1,No significant issues,Yes,LP001112,36,Y
Graphic Designer,"$3,700.00 ",680,3 years,1,No significant issues,No,LP001114,36,Y
Financial Advisor,"$8,500.00 ",780,6 years,1,No significant issues,Yes,LP001116,36,Y
Real Estate Agent,"$6,200.00 ",700,4 years,1,No significant issues,Yes,LP001119,36,Y
Chef,"$2,800.00 ",620,1 year,0,Missed payments in the past,No,LP00112,0,N
Engineer,"$9,000.00 ",790,7 years,1,No significant issues,Yes,LP001123,36,Y
Construction Worker,"$3,000.00 ",610,3 years,0,Late payments,No,LP001131,0,N
Designer,"$4,500.00 ",700,4 years,1,No significant issues,No,LP001136,12,Y
Writer,"$2,500.00 ",590,1 year,0,Missed payments in the past,No,LP001137,0,N
Web Developer,"$6,000.00 ",730,5 years,1,No significant issues,Yes,LP001138,36,Y
Chef,"$3,500.00 ",650,2 years,0,Missed payments in the past,No,LP001144,0,N
Account Manager,"$5,800.00 ",720,4 years,1,No significant issues,Yes,LP001146,36,N
Financial Analyst,"$6,800.00 ",760,5 years,1,No significant issues,Yes,LP001151,36,Y
Electrician,"$3,200.00 ",640,2 years,0,Missed payments in the past,No,LP001155,0,N
Human Resources,"$4,500.00 ",690,3 years,1,No significant issues,Yes,LP001157,36,Y
Plumber,"$2,700.00 ",620,1 year,0,Late payments,No,LP001164,0,N
Social Worker,"$3,600.00 ",670,2 years,0,Missed payments in the past,No,LP001179,0,N
Data Scientist,"$9,200.00 ",820,6 years,1,No significant issues,Yes,LP001186,36,Y
Chef,"$3,100.00 ",650,2 years,0,Missed payments in the past,No,LP001194,0,N
Customer Service,"$2,500.00 ",600,1 year,1,Missed payments in the past,No,LP001195,36,Y
Veterinarian,"$7,000.00 ",750,8 years,1,No significant issues,Yes,LP001197,36,Y
Graphic Designer,"$3,500.00 ",680,3 years,1,No significant issues,No,LP001198,36,Y
Architect,"$8,500.00 ",790,7 years,1,No significant issues,Yes,LP001199,36,Y
Chef,"$3,200.00 ",630,2 years,1,Missed payments in the past,No,LP00125,36,Y
Web Designer,"$4,800.00 ",710,4 years,1,No significant issues,No,LP00126,36,Y
Insurance Agent,"$4,200.00 ",680,3 years,0,No significant issues,Yes,LP00127,0,N
Sales Representative,"$4,500.00 ",660,2 years,0,Missed payments in the past,No,LP001213,0,N
Musician,"$3,000.00 ",620,1 year,1,Late payments,No,LP001222,36,Y
Marketing Manager,"$7,500.00 ",780,6 years,0,No significant issues,Yes,LP001225,0,N
Software Engineer,"$9,000.00 ",820,7 years,0,No significant issues,Yes,LP001228,0,N
Chef,"$3,500.00 ",650,2 years,0,Missed payments in the past,No,LP001233,0,N
Dental Hygienist,"$5,000.00 ",720,4 years,1,No significant issues,Yes,LP001238,60,Y
Retail Manager,"$3,800.00 ",670,3 years,1,No significant issues,Yes,LP001241,36,Y
Chef,"$2,800.00 ",630,1 year,0,Missed payments in the past,No,LP001243,0,N
Electrician,"$3,200.00 ",640,2 years,0,Missed payments in the past,No,LP001245,0,N
Data Scientist,"$9,200.00 ",820,6 years,1,No significant issues,Yes,LP001248,30,Y
Chef,"$3,100.00 ",650,2 y,0,Missed payments in the past,No,LP001250,0,N
Customer Service,"$2,500.00 ",600,1 year,0,Missed payments in the past,No,LP001253,0,N
Veterinarian,"$7,000.00 ",750,8 years,1,No significant issues,Yes,LP001255,48,Y
Graphic Designer,"$3,500.00 ",680,3 years,1,No significant issues,No,LP001256,36,Y
Architect,"$8,500.00 ",790,7 years,1,No significant issues,Yes,LP001259,36,Y
Chef,"$3,200.00 ",630,2 years,0,Missed payments in the past,No,LP001263,0,N
Web Designer,"$4,800.00 ",710,4 years,1,No significant issues,No,LP001264,36,Y
Insurance Agent,"$4,200.00 ",680,3 year,1,No significant issues,Yes,LP001265,36,Y
Sales Representative,"$4,500.00 ",660,2 year,0,Missed payments in the past,No,LP001266,0,N
Musician,"$3,000.00 ",620,1 year,0,Late payments,No,LP001267,0,N
Marketing Manager,"$7,500.00 ",780,6 year,1,No significant issues,Yes,LP001273,36,Y
Dental Hygienist,"$5,000.00 ",800,,1,Good,,LP001275,24,Y
Personal Trainer,"$3,000.00 ",630,1 year,0,Late payments,No,LP001279,0,N
Pharmacist,"$10,000.00 ",840,10 years,1,No significant issues,Yes,LP001280,36,Y
Teacher,"$4,000.00 ",670,3 years,1,No significant issues,No,LP001282,36,Y
Computer Programmer,"$8,000.00 ",780,5 years,1,No significant issues,Yes,LP001289,36,Y
Chef,"$3,200.00 ",640,2 years,0,Missed payments in the past,No,LP001310,0,N
Physical Therapist,"$6,000.00 ",720,5 years,1,No significant issues,Yes,LP001316,36,Y
Accountant,"$6,500.00 ",740,6 years,1,No significant issues,Yes,LP001318,18,Y
Writer,"$3,500.00 ",670,2 years,1,No significant issues,No,LP001319,36,Y
Mechanic,"$3,000.00 ",610,1 year,0,Late payments,No,LP001322,0,N
Physician,"$15,000.00 ",890,12 years,1,No significant issues,Yes,LP001325,12,Y
Nurse,"$5,000.00 ",720,5 years,1,No significant issues,No,LP001326,36,Y
Real Estate Agent,"$4,500.00 ",680,4 years,1,No significant issues,Yes,LP001327,36,Y
Electrician,"$3,500.00 ",650,2 years,1,Missed payments in the past,No,LP001333,36,Y
Graphic Designer,"$3,200.00 ",670,3 y,1,No significant issues,No,LP001334,18,Y
Financial Advisor,"$7,000.00 ",770,6 years,1,No significant issues,Yes,LP001343,36,Y
Project Manager,"$9,500.00 ",820,8 years,1,No significant issues,Yes,LP001345,18,Y
Construction Worker,"$2,500.00 ",600,1 year,0,Missed payments in the past,No,LP001349,0,N
Hairdresser,"$2,800.00 ",630,1 year,0,Missed payments in the past,No,LP001350,0,N
Mechanical Engineer,"$7,500.00 ",760,6 years,1,No significant issues,Yes,LP001356,36,Y
IT Manager,"$10,000.00 ",820,9 years,1,No significant issues,Yes,LP001357,36,Y
Dental Hygienist,"$4,500.00 ",710,4 years,1,No significant issues,Yes,LP001367,36,Y
Marketing Specialist,"$5,500.00 ",720,3 years,1,No significant issues,Yes,LP001369,36,Y
Carpenter,"$3,000.00 ",620,2 years,0,Late payment,No,LP001370,0,N
Optometrist,"$9,000.00 ",820,8 years,1,No significant issue,Yes,LP001379,36,Y
Graphic Artist,"$3,500.00 ",680,3 years,1,No significant issues,No,LP001384,48,Y
Lawyer,"$1,200.00 ",850,11 years,1,No significant issues,Yes,LP001385,36,Y
Salesperson,"$4,200.00 ",670,3 years,1,No significant issues,No,LP001387,36,Y
Dental Assistant,"$2,500.00 ",630,1 year,0,Missed payments in the past,No,LP001391,0,N
Architect,"$7,500.00 ",780,7 years,1,No significant issues,Yes,LP001392,36,Y
Fashion Designer,"$3,800.00 ",680,4 years,1,No significant issues,No,LP001398,36,Y
Engineer,"$6,500.00 ",740,5 years,1,No significant issues,Yes,LP001401,18,Y
Business Owner,"$15,000.00 ",800,10 years,1,No significant issues,Yes,LP001404,36,Y
Barista,"$2,000.00 ",610,1 year,0,Late payments,No,LP001405,0,N
Physical Education Teacher,"$4,500.00 ",690,3 years,1,No significant issues,No,LP001421,36,Y
Human Resources Manager,"$8,000.00 ",780,7 year,1,No significant issues,Yes,LP001422,36,Y
Plumber,"$3,200.00 ",650,2 years,0,Missed payments in the past,No,LP001426,0,N
Photographer,"$3,000.00 ",640,2 year,0,Missed payments in the past,No,LP001430,0,N
Entrepreneur,"$1,200.00 ",830,8 year,1,No significant issues,Yes,LP001431,36,Y
Web Developer,"$5,800.00 ",730,4 year,1,No significant issues,Yes,LP001432,36,Y
Waiter/Waitress,"$1,500.00 ",560,1 year,0,Late payments,No,LP001439,0,N
Software Engineer,"$8,500.00 ",790,6 years,1,No significant issues,Yes,LP001443,36,Y
Electrician,"$3,500.00 ",640,2 years,0,Late payments,No,LP001448,0,N
Chef,"$3,200.00 ",660,3 years,1,No significant issues,No,LP001449,36,Y
Financial Analyst,"$7,200.00 ",760,5 years,1,No significant issues,Yes,LP001451,18,Y
Hair Stylist,"$2,000.00 ",600,1 year,0,Late payments,No,LP001465,0,N
Psychologist,"$6,000.00 ",740,4 years,1,No significant issues,Yes,LP001469,48,Y
Medical Assistant,"$2,800.00 ",620,1 year,0,Missed payments in the past,No,LP001473,0,N
Physical Therapist,"$7,500.00 ",800,6 years,1,No significant issues,Yes,LP001478,36,Y
Social Worker,"$4,000.00 ",680,3 years,1,No significant issues,No,LP001482,12,Y
Chef,"$3,200.00 ",670,2 years,0,Late payments,No,LP001487,0,N
Writer,"$3,800.00 ",680,3 years,1,No significant issues,No,LP001488,36,Y
Insurance Agent,"$4,500.00 ",700,4 years,1,No significant issues,Yes,LP001489,36,Y
Real Estate Agent,"$5,000.00 ",720,5 year,1,No significant issues,Yes,LP001491,36,Y
Bartender,"$2,500.00 ",610,1 year,0,Late payments,No,LP001492,0,N
Physician Assistant,"$8,000.00 ",820,7 years,1,No significant issues,Yes,LP001493,36,Y
Veterinarian,"$9,000.00 ",800,7 years,1,No significant issues,Yes,LP001497,36,Y
Customer Service Rep,"$2,500.00 ",630,1 year,0,Late payments,No,LP001498,0,N
Graphic Designer,"$3,500.00 ",670,3 years,1,No significant issues,No,LP001504,18,Y
Financial Advisor,"$6,500.00 ",780,6 years,1,No significant issues,Yes,LP001507,36,Y
Elementary School Teacher,"$4,200.00 ",690,4 years,1,No significant issues,No,LP001508,18,Y
Nurse,"$5,500.00 ",720,5 years,1,No significant issues,Yes,LP001514,36,Y
Retail Salesperson,"$2,000.00 ",590,1 year,0,Missed payments in the past,No,LP001516,0,N
Police Officer,"$4,800.00 ",680,4 years,1,No significant issues,Yes,LP001518,36,Y
Marketing Manager,"$7,000.00 ",750,6 years,1,No significant issues,Yes,LP001519,36,Y
Dental Hygienist,"$6,000.00 ",790,5 years,1,No significant issues,Yes,LP001520,36,Y
Physical Education Teacher,"$4,500.00 ",670,3 years,1,No significant issues,No,LP001528,36,Y
Executive Assistant,"$4,500.00 ",710,4 years,1,No significant issues,Yes,LP001529,36,Y
Pharmacist,"$10,000.00 ",810,8 years,1,No significant issues,Yes,LP001531,36,Y
Automotive Mechanic,"$3,000.00 ",640,2 years,0,Late payments,No,LP001532,0,N
Flight Attendant,"$4,500.00 ",700,4 years,1,No significant issues,Yes,LP001535,36,Y
Architect,"$8,500.00 ",780,7 years,1,No significant issues,Yes,LP001536,18,Y
Physical Therapist Assistant,"$4,000.00 ",670,3 years,1,No significant issues,No,LP001541,36,Y
Financial Manager,"$9,000.00 ",800,8 years,1,No significant issues,Yes,LP001543,36,Y
Veterinarian Technician,"$3,000.00 ",620,2 years,0,Late payments,No,LP001546,0,N
Graphic Designer,"$4,000.00 ",710,4 years,1,No significant issues,Yes,LP001552,36,Y
Project Manager,"$8,000.00 ",790,7,1,No significant issues,Yes,LP001560,36,Y
Electrician,"$3,800.00 ",660,3,1,No significant issues,No,LP001562,36,N
IT Manager,"$10,000.00 ",810,8,1,No significant issues,Yes,LP001565,36,N
Marketing Coordinator,"$3,500.00 ",650,2,1,No significant issues,No,LP001570,36,Y
Dental Assistant,"$2,500.00 ",590,1,0,Missed payments in the past,No,LP001572,0,N
Chef,"$3,500.00 ",650,3 years,1,No significant issues,No,LP001574,24,Y
Web Developer,"$6,000.00 ",740,5 years,1,No significant issues,Yes,LP001577,36,Y
Insurance Agent,"$4,500.00 ",690,4 years,1,No significant issues,Yes,LP001578,36,Y
Bank Teller,"$2,800.00 ",620,2 years,0,Late payments,No,LP001579,0,N
Event Planner,"$3,800.00 ",680,3 years,1,No significant issues,No,LP001580,36,Y
Human Resources Manager,"$7,000.00 ",780,6 years,1,No significant issues,Yes,LP001581,36,Y
Personal Trainer,"$3,500.00 ",670,2 years,1,No significant issues,No,LP001585,30,Y
Real Estate Agent,"$5,500.00 ",720,5 years,1,No significant issues,Yes,LP001586,18,Y
Photographer,"$2,500.00 ",610,1 year,0,Late payments,No,LP001594,0,N
Mechanical Engineer,"$8,000.00 ",760,7 years,1,No significant issues,Yes,LP001603,36,N
Office Manager,"$4,500.00 ",710,4 years,1,No significant issues,Yes,LP001606,36,Y
Hair Stylist,"$2,200.00 ",590,1 year,0,Missed payments in the past,No,LP001608,0,N
Business Analyst,"$6,500.00 ",750,5 years,1,No significant issues,Yes,LP001610,36,Y
Construction Worker,"$3,000.00 ",630,2 years,0,Late payments,No,LP001616,0,N
Physician Assistant,"$7,500.00 ",800,6 years,1,No significant issues,Yes,LP001630,48,Y
Insurance Underwriter,"$4,800.00 ",690,4 years,1,No significant issues,Yes,LP001633,36,Y
Marketing Analyst,"$5,000.00 ",730,4 years,1,No significant issues,Yes,LP001634,36,Y
Plumber,"$4,000.00 ",650,3 years,1,No significant issues,No,LP001636,18,Y
IT Support Specialist,"$3,500.00 ",660,2 years,1,No significant issues,Yes,LP001637,36,Y
Financial Advisor,"$7,500.00 ",790,6 years,1,No significant issues,Yes,LP001639,36,Y
Electrician,"$4,500.00 ",680,4 years,1,No significant issues,Yes,LP001640,36,Y
Sales Representative,"$3,800.00 ",670,,1,No significant issues,Yes,LP001641,30,Y
Graphic Designer,"$2,800.00 ",620,2 years,0,Late payments,No,LP001643,0,N
Nurse,"$4,200.00 ",720,4 years,1,No significant issues,Yes,LP001644,36,Y
Data Analyst,"$6,000.00 ",740,5 years,1,No significant issues,Yes,LP001647,18,Y
Retail Manager,"$4,500.00 ",690,4 years,1,No significant issues,Yes,LP001653,36,Y
Mechanical Technician,"$3,000.00 ",630,2 years,0,Late payments,No,LP001656,0,N
Physical Therapist,"$6,500.00 ",780,5 years,1,No significant issues,Yes,LP001657,36,Y
Writer,"$2,200.00 ",590,1 year,0,Missed payments in the past,No,LP001658,0,N
Veterinarian,"$8,000.00 ",760,6 years,1,No significant issues,Yes,LP001664,36,Y
Accountant,"$5,500.00 ",720,5 years,1,No significant issues,Yes,LP001665,36,Y
Chef,"$3,500.00 ",650,3 years,1,No significant issues,No,LP001666,36,Y
Web Developer,"$6,000.00 ",740,,1,No significant issues,Yes,LP001669,18,Y
Insurance Agent,"$4,500.00 ",690,4 years,1,No significant issues,Yes,LP001671,36,Y
Bank Teller,"$2,800.00 ",620,2 years,0,Late payments,No,LP001673,0,N
Event Planner,"$3,800.00 ",680,3 years,1,No significant issues,No,LP001674,36,Y
Human Resources Manager,"$7,000.00 ",780,6 years,1,No significant issues,Yes,LP001677,36,Y
Personal Trainer,"$3,500.00 ",670,2 years,1,No significant issues,No,LP001682,18,Y
Real Estate Agent,"$5,500.00 ",720,5 years,1,No significant issues,Yes,LP001688,36,Y
Photographer,"$2,500.00 ",610,1 year,0,Late payments,No,LP001691,0,N
Marketing Manager,"$5,800.00 ",710,5 years,1,No significant issues,Yes,LP001692,36,Y
Software Developer,"$7,200.00 ",750,6 years,1,No significant issues,Yes,LP001693,36,Y
Electrician,"$4,200.00 ",680,4 years,1,No significant issues,Yes,LP001698,36,Y
Sales Representative,"$3,600.00 ",660,3 years,1,No significant issues,Yes,LP001699,36,Y
Graphic Designer,"$2,700.00 ",610,,0,"Late payments, collections",No,LP001702,0,N
Nurse,"$4,500.00 ",720,,1,No significant issues,Yes,LP001708,36,Y
Data Analyst,"$5,800.00 ",730,,1,No significant issues,Yes,LP001711,36,Y
Retail Manager,"$4,200.00 ",670,,1,No significant issues,Yes,LP001713,36,Y
Mechanical Technician,"$2,900.00 ",620,,0,"Late payments, collections",No,LP001715,0,N
Physical Therapist,"$6,200.00 ",780,,1,No significant issues,Yes,LP001716,36,Y
Writer,"$2,000.00 ",570,,0,"Missed payments, collections, charge-offs",No,LP001720,0,N
Veterinarian,"$7,500.00 ",760,,1,No significant issues,Yes,LP001722,36,Y
Accountant,"$5,000.00 ",710,,1,No significant issues,Yes,LP001726,36,Y
Chef,"$3,200.00 ",640,,1,No significant issues,No,LP001732,36,Y
Web Developer,"$6,200.00 ",730,,1,No significant issues,Yes,LP001734,36,Y
Insurance Agent,"$4,200.00 ",670,,1,No significant issues,Yes,LP001736,36,Y
Bank Teller,"$2,700.00 ",610,,0,"Late payments, collections",No,LP001743,0,Y
Event Planner,"$3,600.00 ",690,,1,No significant issues,No,LP001744,36,Y
Human Resources Manager,"$6,800.00 ",780,,1,No significant issues,Yes,LP001749,48,Y
Personal Trainer,"$3,200.00 ",650,,1,No significant issues,No,LP001750,36,Y
Sales Manager,"$8,500.00 ",790,,1,No significant issues,Yes,LP001751,36,Y
Architect,"$6,500.00 ",730,,1,No significant issues,Yes,LP001754,36,Y
Graphic Designer,"$3,800.00 ",660,,1,No significant issues,Yes,LP001758,36,Y
Physician,"$15,000.00 ",820,10 years,1,No significant issues,Yes,LP001760,48,Y
Electrician,"$4,500.00 ",690,4 years,1,No significant issues,Yes,LP001761,36,Y
Customer Service Rep,"$2,800.00 ",630,2 years,0,"Late payments, collections",No,LP001765,0,N
IT Manager,"$9,000.00 ",780,7 years,1,No significant issues,Yes,LP001768,18,Y
Account Executive,"$6,000.00 ",720,5 years,1,No significant issues,Yes,LP001770,24,Y
Chef,"$3,500.00 ",650,3 years,1,No significant issues,No,LP001776,36,Y
HR Generalist,"$4,800.00 ",700,4 years,1,No significant issues,Yes,LP001778,36,Y
Attorney,"$1,200.00 ",800,9 years,1,No significant issues,Yes,LP001784,36,Y
Marketing Coordinator,"$4,000.00 ",670,4 years,1,No significant issues,Yes,LP001786,0,N
Sales Representative,"$3,200.00 ",630,2 years,0,"Late payments, collections",Yes,LP001788,36,Y
Data Scientist,"$7,500.00 ",760,6 years,1,No significant issues,Yes,LP001790,36,Y
Web Designer,"$4,200.00 ",680,4 years,1,No significant issues,Yes,LP001792,36,Y
Physical Therapist,"$6,800.00 ",760,6 years,1,No significant issues,Yes,LP001798,36,Y
Electrician,"$3,800.00 ",660,3 years,1,No significant issues,Yes,LP00180,18,Y
Nurse,"$5,000.00 ",720,5 years,1,No significant issues,Yes,LP00186,60,Y
Sales Manager,"$7,200.00 ",740,6 years,1,No significant issues,Yes,LP00187,36,Y
Accountant,"$4,500.00 ",690,4 years,1,No significant issues,Yes,LP001811,36,Y